제목,상품코드,상품ID,리뷰_내용,평점,감정키워드,작성자,작성일,도움됨,댓글수
소년이 온다,9788936434120,S000000610612,"역사를 잊고 살아갈 순 없습니다.
정작 읽어야할 사람들은 안 읽는 것 같네요.",4,공감돼요,yo****,2023-05-16,481,5
소년이 온다,9788936434120,S000000610612,"내가 태어나기 약 2년전 1980년 5월 광주에서 외치는 소리를 지금 2016년 5월에 듣는다. '기억해주세요' 라는 외침을...
내가 보지 못한걸 기억하기 위해 [소년이온다] 책을 펼쳤고, 영화 '화려한휴가'를 봤고, '솔아 솔아 푸르른 솔아' 음악을 들었다. 
내가 할 수 있는 일이라곤 기억해주는 것, 잊지 않는 것, 몇년이 흘렀지만 같이 분노해주고 슬퍼해주는 것, 이것 뿐이다. 
소설 속 표현처럼 '희생자가 되지 않기위해', 죽을 것을 뻔히 알면서도, 이기지 못할 것을 알면서도, 나몰라라 피하면 그만인 것을, 지은이 한강의 표현처럼 '인간이 무엇이지 않기 위해 무엇을 했던' 1980년 5.18 광주 민주화운동, 그들을 기억한다.

읽기 전 마음의 준비를 하고 읽는 것을 권한다. 문학평론가 신형철의 추천사 표현 처럼 '[소년이 온다]는 한강이 쓴 광주 이야기라면 읽는 쪽에서도 마음의 준비가 필요하겠다고 각오한 사람조차 휘정거리게 만든다'
5월이니까, 5월에 읽기 적합한 책이라 가볍게 선택하고 읽었는데 읽는 내내 마음이 불편했다. 광주를 다시 읽고 광주를 관광이 아닌 추모로 방문하고 싶다.",4,,da********,2016-05-11,271,0
소년이 온다,9788936434120,S000000610612,이 책을 읽기 전과 후의 저는 다른 사람인 것 같습니다,4,,ea*****,2021-11-16,248,2
소년이 온다,9788936434120,S000000610612,"한강 작가의 노벨상 소식에 쾌재를 부를 수밖에 없던 이유는 혐오의 시대에서 인터넷에 팽배하는 호남 혐오와 페미니즘 혐오에 진저리 나있었기 때문이다.
광주의 숭고한 희생에서 비롯된 민주화에 감사함은 커녕 그저 조롱거리로만 일삼는 사람들이 무언가 잘못됨을 느끼길 바라고 또 바란다.
똑같은 역사가 반복되지 않길 바라며.",4,고마워요,wi*******************,2024-10-14,246,0
소년이 온다,9788936434120,S000000610612,"양장으로 나와서 소장용으로 샀어요 
이 글에 제가 뭐라고 리뷰를 달겠어요 누구나 한번은 꼭 읽어보셨으면",4,최고예요,ar******,2024-10-08,182,0
소년이 온다,9788936434120,S000000610612,역사를 알고 있어야  아픈 역사를 또 만들지 않을것이다..,4,공감돼요,si*****,2021-11-16,131,0
소년이 온다,9788936434120,S000000610612,"한강 작가의 ""소년이 온다"" , 가슴이 먹먹해진다
광주의 80년 5.18 당시, 그리 멀지 않은 곳에 살고 있었는데,
무슨 일이 벌어지는 지를 어찌 이리 모를 수 있을까!

당시의 사건 속에 있었던 자들에게는
죽은 자나, 살아 남은 있는 자나... 결코 삶에서 고통만이 있다
그리고 역사는 늘 반복 되풀이 된다는 점에,
한계를 느낀다.

책 속에서,
""네가 죽은 뒤 장례식을 치르지 못해,
내 삶이 장례식이 되었다.
용서할 수 없는 물줄기가 분수대에서 뿜어져나온 뒤에, 어디서나 사원의 불빛이 타고 있었다.
봄에 피는 꽃들 속에, 눈송이들 속에, 날마다 찾아오는 저녁들 속에, 다 쓴 음료수 병에 네가 꽂은 양초 불꽃들이...""",4,공감돼요,wj*******,2017-10-29,107,0
소년이 온다,9788936434120,S000000610612,"그때 그 시절 그 참혹했던 역사속에서 죄가 없던 사람들의 이름과 애국가 소리가 마음 속 깊숙히에서 절절히 울려 퍼진다 살아남은 자들은 무엇을 위해 살아남았고 죽은 자들은 무엇을 위해 죽었나, 책을 읽으면 알 수 있을 것 같다. 광주의 그 며칠간의 날들은 모든 이에게 아픈 시간이라는 걸.",4,공감돼요,ki******,2017-06-27,87,0
소년이 온다,9788936434120,S000000610612,읽고나서 늪속에 빠진 기분이였어요.너무도 좋은책이에요,4,고마워요,mh****,2017-10-21,80,0
소년이 온다,9788936434120,S000000610612,"다시 읽어보려고 주문합니다
수상 축하드려요!",4,고마워요,qk********,2024-10-10,69,0
소년이 온다,9788936434120,S000000610612,잊지 말아야 할 역사,4,고마워요,do*****,2022-01-18,47,0
소년이 온다,9788936434120,S000000610612,이 책을 지난달에 구매한 나 자신을 칭찬합니다 ㅎㅎ,4,고마워요,sh*******,2024-10-11,43,0
소년이 온다,9788936434120,S000000610612,민주주의와 자유는 피로 성취한것,4,고마워요,se******,2024-08-22,41,0
소년이 온다,9788936434120,S000000610612,페이지를 넘기는 매 순간이 마음 아프지만 그래도 더 많은 사람들이 읽었으면,4,고마워요,du********,2022-01-09,32,0
소년이 온다,9788936434120,S000000610612,"우선 소년이 온다는 5•18광주화민주화운동 배경으로 하고 있다.

주인공, 등장인물이 배경을 나열하지 않는다.  짧막하게 그 상황을 나열하고 있다.

상상력을 요구하지 않고 그때 모습 그대로 묘사하고 있다.

극 사실주의처럼 사진처럼 그 모습이 떠오른다.

은유법보다는 섬세한 표현으로 직유법으로 묘사했으며 역사적 관점을 대중들이 평가 하도록 유도하였다.

내가 태어나기 거의 1년전 신군부가 세력을 장악하기 위해  계엄령을 선포하고 공수부대를 광주에 투입하여 민주화 운동을 하는 시민들을 무참히 학살하였다.
내가 처음 배웠을때는 광주사태로 배웠었다.

그리고 문민정부가 들어와서 5'18광주 민주화 운동으로 바뀌었다.
예전 기억을 떠오르면 국사시간에 현대사를 자세히 다루지 않았었다. 그리고 한줄로 끝나는 경우가 많았는데 그때 선생님이 하신 말이 아직까지 떠오른다. 역사의 평가는 바뀐다. 너희들이 역사를 제대로 알고 있어야 나라가 바뀐다고는 말을 하셨던게 기억난다.

아마 한강 작가도 대중들에게 그때 상황을 스스로 대중들이 파헤쳐보길 원하지 않았을까? 

그래서 상황을 작가의 생각대로 표현하기 보다 한 템포 쉬어가며 생각하게 만든다.

그리고 역사적 사실을 나열한것이 아니라 인간의 본성에 대해 의구심을 자극한다.

P95에는 군중의 인문서을 인용하는 내용이 나온다.
군중의 도덕성을 결정...

내가 생각하는 인류문명은 전쟁이다.
현재 인류사에서 제일 평화로운 시기이지만 사실 러우전쟁, 중동전쟁은 계속 되고 있다.
전쟁속에 인간의 폭력성은 극한으로 보이고 도덕적 모순이 나타난다.
그래서 철학자는 인간의 본성에 대해 탐구하였고 이것을 인간의 인성론이라 분류한다.
성선설, 성악설,성무선악설

인류사를 보면 항상 인간은 전쟁을 한다.
지금 전쟁을 봐도 그들의 가치관으로 당연한 참이고  국민의 고통은 당연한것이다.

냉전시기.... 
우리나라는 베트남에 참전해서 그곳에서 많은 학살을 하였다. 하지만 대한민국은 그들에게 보상을 하였는가? 

반면 일제강점기때 일본은 학살은 자행하고 위안부, 강제 징용을 회피하고 사과조차 하지 않느며 야스쿠니 신사에 계속 참배하고 있다.

계속 광기어린 역사는 반복 되고 인간은 집단적으로 광기에 몰려있으면 학살을 즐긴다.

분명 처음부터 학살을 즐기지 않았을것이다. 그들도 도덕적 가치로 인하여 딜레마로 고민했을것이다. 하지만  어느순간 광기는 정의가 된다.
쇼펜하우어는 인간을 욕망덩어리라고 말한다.
그래서 인가?
지구상의 생물중 동족을 살해하고 스스로 자해하는 것은 인간밖에 없다.
과연 인간은 선한것인가? 악한것인가? 아님 환경에 의해 그들은 변화되는 것인가?

분명 총구를 겨누고 있지만 그들은 누군가의 사랑하는 자녀이고 부모님이고 형제이다.
명령을 한 사람도 명령을 시행하는 사람도 인간이다.

인간의 본질을 또 생각하며  욕망의 휩싸인 난 분명 그 상황에 오면 그들과 같아질 것이다.

책 후반부로 가면 PTSD를 겪는 그들의 삶을 표현한다. 안정제와 수면제, 술이 없으면 살수 없는 삶...

그리고 잊혀가는 역사시점에서 그들만이 잊혀지지 않고 또렷해진다.

삶을 버티려는자와 포기하는자...

마무리하면 소년은 온다는 역사적 사실과 인간의 본성에 대해 대중들이 사고할 수 있도록 하였다. 역사적 사실 속에 인간의 이중성과 폭력성, 잔인함을 고스라니 표현하고 있다.

로크가 만인의 만인에 대한 투쟁이라고 하듯이... 우리는 욕망을 쟁취하기 위해 투쟁하고 다시 반복적으로 같은 일을 반복하고 있다. 

다만 잊혀지지 않도록 우리는 역사적 사실을 그대로 남겨야 한다.
그리고 평가는 후대의 몫이다. 바로 이것이 역사인것이다.",4,최고예요,ih*****,2024-10-20,26,1
소년이 온다,9788936434120,S000000610612,한강 작가님이 노벨문학상 후보에 오르셨다는 소식을 접하고 책을 구매했는데 상을 받게 되셨다는 소식까지 들어사 너무 기쁘네요!,4,최고예요,eu******,2024-10-11,25,0
소년이 온다,9788936434120,S000000610612,돌아오지 않는 그 여름과 당신,4,,hw*****,2016-07-24,25,0
소년이 온다,9788936434120,S000000610612,세계에 518의 참상을 알려주셔서 감사합니다.,4,최고예요,jj*****,2024-10-14,24,0
소년이 온다,9788936434120,S000000610612,"역시 유명 작가의 글은 다르네요.
일반 소설 책에서는 볼 수없는 범상함에 감탄사가 절로 나왔습니다. 누구나 알고 있는 5.18 얘기를 이렇게 다른 시선으로 홀릴수 있나요?",4,최고예요,bu*******,2024-09-22,22,0
소년이 온다,9788936434120,S000000610612,읽으면서 펑펑 운 소설입니다 정말 추천해요,4,최고예요,ev***************,2024-02-16,21,0
소년이 온다,9788936434120,S000000610612,"우선 표지가 너무 아름다워요
읽다가 도무지 가슴이 먹먹해서 가슴치고
화가나서 가슴치고
중간에 멈추고
심호흡을 몇번이나 했는지 모르겠어요
가슴치며 완독 했습니다
두번 읽기는 힘들것같아요..",4,고마워요,yj*******,2024-09-04,16,0
소년이 온다,9788936434120,S000000610612,한강 작가 글은 ..모두 좋습니다. 특히 이 책은 더 강렬하네요..,4,고마워요,so********,2019-08-09,15,0
소년이 온다,9788936434120,S000000610612,한국인이라면 꼭 읽어봐야 하는 책,4,고마워요,db*******,2024-08-05,14,0
소년이 온다,9788936434120,S000000610612,"추천합니다
한강 작품중 가장 좋아요",4,,li*****,2016-02-21,14,0
소년이 온다,9788936434120,S000000610612,"슬프고 저릿합니다
이 책 내용이 반복되질 않길 바랐는데 1203 비상계엄이 선포됐네요. 다행히 빠르게 해제됐지만 민주주의는 항시 감시하지 않으면 원복되는구나 싶습니다. 이 시국에 적합한 책 추천해요",4,고마워요,gk*****,2024-12-04,11,0
소년이 온다,9788936434120,S000000610612,2024년 12월 3일 이후로 또 다른 의미를 갖게 된 책. 더욱 더 많은 사람들이 읽었으면 좋겠다.,4,고마워요,kh****,2024-12-04,11,0
소년이 온다,9788936434120,S000000610612,여러분 오늘을 기억하셔야 합니다. 우리가 이 이야기를 잊었을 때 어떤 일이 반복될 수 있는지 오늘 우린 그 무서운 가능성을 봤습니다. 잊지 말아주세요.,4,공감돼요,ea********,2024-12-04,11,0
소년이 온다,9788936434120,S000000610612,"오늘 소년이 온다를 끝까지 다 읽기 직전에 갑작스레 눈물이 터져나와서 두 눈을 손으로 꾹 누르다가 오열을 했어요. 전형적인 T인데 당황스러웠습니다.
가슴이 뭉개지듯 아프고 저려 한참 진정이 안되었어요.
이 눈물의 이유를 알 것 같습니다.
정말로 일어났던 끔찍한 비극이라는 것이 계속 눈물을 쏟아내게 한 것 같아요. 읽는 입장이 이런데 이런 글을 쓰신 작가님은 얼마나 극한까지 괴로우셨을까요 아니
동호는 정대남매는 은숙이는 진수는 선주는 그리고 그 가족들은 얼마나.. 아팠을까요.
채 몰랐어서 죄스럽습니다. 그간 알던 얄팍한 지식과 상식이 얼마나 몰이해 했는지 대충이었는지

채식주의자를 두번 읽고 피폐함에 힘들어 그동안 작가님 글을 미뤄 둔 것이 후회가 들었습니다.

이 책을 읽게 해주셔서 진심으로 감사 드립니다.",4,고마워요,ar****************,2024-10-16,11,0
소년이 온다,9788936434120,S000000610612,"한강 작가님의 수상이 있기 전, 남자친구에게 이 책을 선물해주었습니다. 어제 앉은 자리에서 다 읽고 '울컥하면서 가슴이 너무 답답하고 체한 느낌이 든다'는 평을 들려주며 한동안 여운에 잠긴 모습을 보여주었습니다.",4,최고예요,ss*******,2024-10-14,11,0
소년이 온다,9788936434120,S000000610612,한 강 작가님 덕분에 다시 한 번 그 분들께 감사하는 마음과 역사를 잊어서는 안 된다는 생각을 깊이 새기게 되었습니다.,4,고마워요,Ju**************,2024-08-25,10,0
소년이 온다,9788936434120,S000000610612,이제 우리가 이끌어 나갑시다.,4,공감돼요,wh******,2024-06-12,10,0
소년이 온다,9788936434120,S000000610612,꼭 한번 읽어 보고싶은 책이었습니다.,4,최고예요,wi********,2024-10-13,8,0
소년이 온다,9788936434120,S000000610612,노벨문학상 작품을 번역본이 아니 자국의 언어로 된 작품을 읽을 수 있다는 것이 신기방기 합니자.,4,최고예요,03******,2024-10-17,7,0
소년이 온다,9788936434120,S000000610612,"문학상 수상 소식 듣고 바로 주문해서 오늘 받아서 읽고있네요.
챕터2...와... 작가님이 왜 수상을 했는지 알것 같네요.",4,최고예요,sj*****,2024-10-12,7,0
소년이 온다,9788936434120,S000000610612,작품 내용 넘 슬프지만 감동,4,최고예요,og******,2024-10-11,7,0
소년이 온다,9788936434120,S000000610612,첫문장부터 빠져들어요,4,고마워요,ca*******,2017-11-01,6,0
소년이 온다,9788936434120,S000000610612,"한강 작가에게, 1980년의 광주에게 큰 빚을 졌습니다. 부디 나도 그 빚을 갚을 수 있는 용기를 낼 수 있기를.",4,고마워요,dr******,2024-12-05,5,0
소년이 온다,9788936434120,S000000610612,재고 딸려서 재판 해야되면 그렇다 메세지를 주든가....지금 들어와보니 어쩌고 멘트 위에 써있네....장난 똥때리나 하....,1,고마워요,bo****,2024-10-17,5,1
소년이 온다,9788936434120,S000000610612,"5.18 민주화 운동 안에 담긴 잔혹하고도 아려오는 이야기. 각자의 시선과 환경에서 바라본 5.18을 고요하고 어쩌면 담담한 어조로 표현해내고 있다. 그 어조 안에 담긴 고통은 감히 헤아릴 수 없을 것 같다. 국가에 의해서 목숨을 잃은 사람들에게 태극기를 덮어주는 장면을 동호는 이해하지 못하는데, 나는 국가를 위해서, 평화를 위해서 목소리를 내는 사람이 바로 국가인 것이라고 생각해서 덮어주는 것으로 이해했다.  국가의 명령을 받고 국민들을, 올바른 것을 파괴하는 사람들은 국가라고 부를 수 없다. 
이 책을 읽기 전에는 더욱 시위의 폭력 진압 현장을 격하게 그려내셨을 것이라고 예상했는데, 그러한 장면보다 한 개인의 시선에서 바라본 장면이 주를 이루었기에 아픔에 더 구체적이고 생생하게 공감하고 슬퍼했던 것 같다. 

인간이란 무엇인가? 어느 온전하고 평화로운 것을 지켜내기 위해 목소리를 내는 사람도 인간이지만, 그러한 것은 어리석은 것이라며 파괴하고 목숨을 잔인하게 빼앗는 사람도 인간이다.
인간 어딘가에 있는 기저에 대해 깊게 생각해볼 수 있는 책이었다",4,고마워요,rh********,2024-10-17,5,0
소년이 온다,9788936434120,S000000610612,"축하드리고 고맙고 고맙습니다.
노벨문학상 작품을 
한글로 읽 수 있다는것에
감사드리고🙏
광주의 아픔을 위로해 주심에 감사드리고🙏
다시한번 축하합니다🥳",4,고마워요,na*****,2024-10-15,5,0
소년이 온다,9788936434120,S000000610612,"이를 꽉 물고 읽어야 하는 책...읽는 내내 마음이 아프고 내가 편안한 곳에서 책을 읽고 있다는 현실이 미안하고 불편하게 한다.
무모하다는 걸 알면서도 사람들은 무얼 지키고 싶었던 걸까...왜 그래야 했던 걸까?를 생각하게 한다....아직 그 답을 찾지는 못했지만...계속 생각의 꼬리를 물게하는 책. 한강 작가님 감사합니다.",4,공감돼요,hu*******,2025-02-05,4,0
소년이 온다,9788936434120,S000000610612,읽기가 마음이 좀 힘들지만 흡입력이 굉장하네요,4,최고예요,ye*****,2024-10-15,4,0
소년이 온다,9788936434120,S000000610612,다시는 이 땅에 이런 비극이 일어나지 않기를.,4,공감돼요,so****,2024-10-14,4,0
소년이 온다,9788936434120,S000000610612,"80년 5월의 광주.
그 참상과 트라우마.
이 역사를 모독하는 자들에게 저주를",4,최고예요,93*************,2025-03-22,3,0
소년이 온다,9788936434120,S000000610612,"그 때의 그들이... 군인들이 독일의 나지들과 일제시대의 일본군과 다를게 뭐가 있을까요?
전씨는 죽을 때까지 잘 먹고 잘살다 천수를 누리고 살다 죽어서도 국립묘지에 묻히려고까지 한다는 기사를 봤는데 아직도 국립묘지에 넣고자 그의 가족들은 기다리고 있나요?
그 시절 저는 서울에서 국민학교를 다니고 연관된 친척도 없는데도 책을 읽고 기사를 보는 것 만으로도 이렇게 슬픔이 밀려와 어찌할바를 모르겠는데 그 때 그 고통을 격은 분들과 가족들은 오죽할까요.......
지금의 시국에서는 아차하는 순간 그 때의 그 상황으로 가는건 한 순간 일 것이라는 생각이 듭니다.
박근혜 때는 너무 어이가 없어서 뭐 저렇게도 무능, 무지할까 했는데, 지금의 정부는 전쟁을 일으킬까봐 무섭습니다. 일본에  헐값에 넘길까봐 무섭습니다.",4,공감돼요,re*****,2024-11-25,3,0
소년이 온다,9788936434120,S000000610612,"첫장 넘기기가 두려웠지만 한번에  쓱 다 읽혔습니다.
동호야...그날  저녁 계속 마음에 메아리쳤어요.",4,최고예요,c0********,2024-11-22,3,0
소년이 온다,9788936434120,S000000610612,이제 당신이 나를 이끌고 가기를 바랍니다. 당신이 나를 밝은 쪽으로 빛이 비치는 쪽으로 꽃이 핀 쪽으로 끌고 가기를 바랍니다. 본문 내용중...맘 아픈 구절입니다. 많은 분들이 함께 읽어보고 공유했으면 합니다. 강력추천 합니다.,4,최고예요,h8****,2024-10-17,3,0
소년이 온다,9788936434120,S000000610612,서점에 딱 한권 남아있는 거 집어 왔습니다. 뭔가 러키비키구나 싶어 기분 좋았습니다 ㅎㅎ장마다 화자가 달라서 다 읽고 나서 다시 첫장을 읽어보니 처음 읽을때와 느낌이 다르네요. 소년이 저에게로도 온 거 같아요,4,고마워요,na*******,2024-10-16,3,0
소년이 온다,9788936434120,S000000610612,노벨상에 가장 큰 공헌을 한 작품이라고 생각합니다,4,최고예요,hj*******,2024-10-15,3,0
소년이 온다,9788936434120,S000000610612,읽어보고 싶은 도서라 구입했어요.,4,고마워요,ss*****,2024-10-15,3,0
소년이 온다,9788936434120,S000000610612,"이책을 읽고 계엄으로 인한 무고한 생명이 희생됨에 가슴이 너무 아픈데 현실에서 계엄이란걸 겪게되다니 소름돋을지경이다.
5.18그당시 우리의 소년들 얼마나 아팠을까 감사한마음으로 민주주의를 지키며 살자.",4,고마워요,lo***,2025-01-06,2,0
소년이 온다,9788936434120,S000000610612,"인간은 어떻게 이토록 폭력적인가? 동시에 인간은 어떻게 그토록 압도적인 폭력의 반대편에 설 수 있는가?

한강 작가님의 의문들이, 이제는 저의 의문들이 되었습니다. 근 한 달, 유난히 시린 겨울이었습니다. 나와 관계 없다고 생각했던 과거의 일들이 다시 일어나고, 가슴 아픈 비극들이 연이어 발생했습니다. 하지만 그들을 도우려는 사람들이 있었기에 다시 한 번 의문에 가로 막힙니다. 어떻게 힘 없는 사람이, 그토록 압도적인 폭력에 대항할 수 있는 겁니까? 사리사욕에 눈이 먼 자들은 폭력에 몸을 기대어 눈과 귀를 막는데, 아무것도 없는 자들이 폭력의 반대편에 서 있습니다. 책을 읽고 3개월이 흐르고, 여의도에서 추운 겨울을 보냈음에도 아직 답을 찾지 못했습니다. 나조차 아무런 힘이 없고 폭력에 반대하면서도 답을 모릅니다. 앞으로의 삶은 이 답을 찾아가는 데 목적을 두어야 할 것 같습니다.

뼛속까지 공대생이라 문학작품은 거들떠도 안 봤는데, 한강 작가님 덕분에 접할 수 있었네요. 감사합니다.",4,고마워요,bi*****,2025-01-03,2,0
소년이 온다,9788936434120,S000000610612,과거가 현재를 돕는다,4,공감돼요,so******,2025-01-02,2,0
소년이 온다,9788936434120,S000000610612,광주에게 참 많은 빚을 졌습니다 우리가,4,고마워요,se*******,2025-01-02,2,0
소년이 온다,9788936434120,S000000610612,픽션이 아닌 아픈 우리의 역사를 쓴 소설을 보자니 마음이 우울해져 미루고 미루다 2024년이 가기전에 읽어야겠단 다짐으로 어제 겨우 책을 다 읽었습니다 4시간 남짓을 슬프고 화나고 무너지는 마음을 가까스로 달랬습니다 과거가 현재를 도울 수 있을까? 죽은 자가 산 자를 구할 수 있는가? 1980년의 광주는 2024년의 우리를 도왔고 광주에서 숱하게 스러져간 이들이 오늘날 우리를 구하고 있음을 다시 한번 느낄 수 있는 시간이었습니다,4,최고예요,re*********,2025-01-01,2,0
소년이 온다,9788936434120,S000000610612,너무 슬프고 현 시국에서 많은 생각을 하게 하는 책입니다,4,최고예요,yg****,2024-12-29,2,0
소년이 온다,9788936434120,S000000610612,"죽은자가 산자를 살릴수 있는가?
네, 남태령의 기적을 보았습니다. 소년은 응원봉을 든 수많은 소녀들이 되어 다시 나타났습니다.
추운 밤, 수많은 별들이 남태령에 내려와 반짝였습니다.",4,최고예요,en*******,2024-12-24,2,0
소년이 온다,9788936434120,S000000610612,2024 년 말미의 어이없는 사건으로 더 집중해서 2 독하게 됩니다. 역사속 안타까운 희생자들을 애도하는 마음 모아모아 탄!핵!,4,공감돼요,ko******,2024-12-24,2,0
소년이 온다,9788936434120,S000000610612,5월의 광주 고립된 도시에서 얼마나 무서웠을지 감히 상상조차 하기 힘들었다. 책을 읽다가 여러 번 덮게 되었지만 그럼에도 다시 열어 끝까지 읽은 책. 죽은 자는 산 자를 도왔다. 그해 광주를 잊지 않을 것이다.,4,고마워요,do***************,2024-12-16,2,0
소년이 온다,9788936434120,S000000610612,깊은 울림과 함께 역사적 아픔을 다시금 되새기게 만든다.,4,고마워요,pa***,2024-12-10,2,0
소년이 온다,9788936434120,S000000610612,오열하면서 읽음........,4,최고예요,cy*****,2024-12-03,2,0
소년이 온다,9788936434120,S000000610612,"언제부턴가 518관련 작품들은 고통스러워 피하곤 했는데, 의무감으로 구매하였네요. 역사의 희생자분들과 작가님께 감사드립니다.",4,최고예요,ye********,2024-12-03,2,0
소년이 온다,9788936434120,S000000610612,매우 가치 있는 책,4,최고예요,ha*******,2024-10-20,2,0
소년이 온다,9788936434120,S000000610612,"한강 작가님 책은 처음 읽었습니다. 자기 전 잠시 보려고 펼쳤다가 결국 쉬지 않고 밤새워 다 읽어 버렸네요. 한강 작가님만의 언어 표현이 정말 예술이라 몰입과 연상이 정말 잘 되고 여운이 진하게 남아요. 이런 책 정말 오랜만에 읽는 것 같고 아직 안 읽으신 분들도 꼭 한번 읽으셨으면 좋겠습니다.

동호야... 동호야",4,최고예요,pe*****,2024-10-16,2,0
소년이 온다,9788936434120,S000000610612,노벨문학상 수상을 진심으로 축하합니다.,4,최고예요,ji*****,2024-10-13,2,0
소년이 온다,9788936434120,S000000610612,한강 작가 노벨문학상 수상축하합니다.,4,고마워요,kj******,2024-10-12,2,0
소년이 온다,9788936434120,S000000610612,받으면 잘 볼게요 노벨문학상 축하드립니다,4,최고예요,da********,2024-10-11,2,0
소년이 온다,9788936434120,S000000610612,10주년 특별판 좋아요,4,최고예요,tj******,2024-08-17,2,0
소년이 온다,9788936434120,S000000610612,역시나 정말 좋은책입니다,4,최고예요,fi*****,2023-05-09,2,0
소년이 온다,9788936434120,S000000610612,왠지 읽어보고 싶은 책이라서 구입했는데 꼭 읽어봐야되는 책이 됐어요!,4,공감돼요,vi********,2017-10-23,2,0
소년이 온다,9788936434120,S000000610612,"노벨 문학상 수상작품이지만 사실 많이 망설였다. 읽어낼 수 있을까.. 잠깐 어떤 내용인가 봤더니 5.18를 다룬 소설이었다. 이유는 모르겠고 그냥 망설였다가 조정래소설 한강을 읽다가 마지막 10권을 읽기 전에 강한 확신으로 이 책을 구매하고 결국 다 읽었다... 잠들기전에도 눈물이 흘렀다. 무슨 말을 할 수 있을까.. 그냥 하나님께서 그 모든 한을 어루만져 주시기를 ... 죽은 이들도 살아남은 이들도 모두 이미 죽어있는 그들을 무엇으로 우리가 감히 위로할 수 있을까..
한강 작가의 나레이션 같은 문체의 흐름은 때때로 무슨 말이지? 이해가 안가는 부분이 있을만큼 그녀의 감수성과 의식의 흐름을 따라가기 힘들었다. 한참을 읽어가야 앞부분의 그말이 이해가 되고.. 독특하고 깊은 감성이다. 왜 그녀가 노벨문학상을 받았는지.. 외국인들도 그걸 알았나보네.. 광주사람들의 그 깊디깊은 한과 그걸 바라보셨던 하나님께서 결국 그 사건을 세계에 알리셨네..흥해라 광주! 그 한을 덮어버리는 더 큰 복으로 광주를 어루만질 수 있게. 이번의 12.3계엄을 광주의 그들이 막은 것을 누가 부인할 수 있을까. 살아있는 우리는 광주에 큰 빚을 졌다. 집에만 틀어박혀 있는 나인데, 언젠가 한 번 광주를 방문하고 싶다.",4,고마워요,wr**********,2025-11-12,1,0
소년이 온다,9788936434120,S000000610612,소나기가 올 때마다 생각이 났습니다. 장마철에는 종일 떠올랐습니다. 비 처럼 휘몰아치는 그 날의 기억을 우리는 품고가야합니다. 가슴에 앉고 살아갑니다. 잊지 않겠습니다. 작가님 감사합니다.,4,고마워요,h_***************,2025-09-27,1,0
소년이 온다,9788936434120,S000000610612,제주 4.3사건의 진상을 알 수 있는 책이였습니다. 노벨문학상을 수상하신 한강 작가님의 필력에 감탄하며 잘 읽었습니다.,4,힐링돼요,pe*****,2025-09-24,1,0
소년이 온다,9788936434120,S000000610612,소장용으로 구매했어요.,4,최고예요,jj*******,2025-09-22,1,0
소년이 온다,9788936434120,S000000610612,꼭 한 번 읽어봐야 할 책~!!,4,고마워요,li******,2025-09-19,1,0
소년이 온다,9788936434120,S000000610612,"이책을 많이 늦게 접했네요.
도서관에서는 빌릴수 없어요
계속 대기자 있어서
그래서 아예 주문했습니다.
처음 읽으면서 아 이건 두번 읽어야 되겠네 느꼈죠
두번째  읽을땐  노트 연필 준비하고 이름 다시 쓰면서 정독했어요.  이제껏 읽던 소설과는 많이 달랐고 사람 사람마다 특성환경에 따라 같은사건을 그 사람의 시점에 맞혀 읽히는 부분도 상당히 인상적이였습니다.",4,최고예요,eu*****************,2025-09-18,1,0
소년이 온다,9788936434120,S000000610612,"저는 이새대가 아니지만 
자꾸읽는내내 영화택시운전사가 그려져요",4,고마워요,sk*****,2025-09-11,1,0
소년이 온다,9788936434120,S000000610612,노벨문학상 작가의 작품인 소년이 온다를 읽고 우리 시대의 아픈 역사를 생각해 보게 됩니다. 과거 역사에서 교훈을 얻고 우리의 삶에 희망이 되길 바랍니다.,4,공감돼요,ym***,2025-09-08,1,0
소년이 온다,9788936434120,S000000610612,공포물이 아님에도 공포를 느낄 수 있다는 것이 너무 슬픕니다. 우리나라의 아픈 과거를 간접적이지만 충분히 알 수 있게 해준 훌륭한 책입니다.,4,공감돼요,bb******,2025-07-14,1,0
소년이 온다,9788936434120,S000000610612,한강 작가 소설은 처음 읽어봅니다. 쉽게 읽지는 못했지만 여운이 남는 좋은 소설이었습니다.,4,공감돼요,jh*****,2025-04-20,1,0
소년이 온다,9788936434120,S000000610612,"내가 태어나기도 전에 일어난 역사적인 사건임에도 우리가 지금까지 이 사건을 떠올리며 분노와 공감할 수 밖에 없는 이유는 지금 이 시대까지 역사를 덮으며 태연히 살아가는 이들 때문이지 않을까 싶다.
아직도 살아 있다는 치욕을 갖고 살아가는 이들에게 감히 무슨 말을 붙일 수 있을까. 그저 우리가 해야할 일은 그들과 그들에게 빚진 숭고한 민주화 정신, 그리고 같은 역사가 반복되지 않도록 끊임없이 기억하고 지켜내야함을 느낀다.",4,최고예요,sa***,2025-04-18,1,0
소년이 온다,9788936434120,S000000610612,힘든 시대에 맞서 싸워주신 분들 덕분에 세상을 살고 있네요,4,고마워요,so*****,2025-04-16,1,0
소년이 온다,9788936434120,S000000610612,노벨문학상을 수상하신 한강 작가님의 작품을 만나볼 수 있다니!,4,최고예요,gp********,2025-04-15,1,0
소년이 온다,9788936434120,S000000610612,가히 설명할 수 없는 최고의 책. 이전에 다른 책들에서는 겪어보지 못했던 시점으로 서술되어 더 몰입도가 높았다. 책을 읽으면서 내가 완벽히 그 스토리에 동화되어 눈물이 날 수 있구나...라는 생각이 들게 한 책. 우리는 광주에게 진 빚이 하나 있다,4,최고예요,oh*****,2025-04-15,1,0
소년이 온다,9788936434120,S000000610612,"슬프지만, 기억해야 할 역사를 한강은 한자한자, 여백과 함께 이를 아름다움으로 그려낸다.",4,고마워요,lo********,2025-04-13,1,0
소년이 온다,9788936434120,S000000610612,"역사는 지금도 흐릅니다.
그들은 불의했고 처벌 받았지만 아직도 용서를 구하지 않음에 분노가 치밀어 오릅니다.",4,최고예요,jo******,2025-04-11,1,0
소년이 온다,9788936434120,S000000610612,우리의 정치인들이 ㅇ필독 도서이길 바랍니다,4,최고예요,co***************,2025-04-04,1,0
소년이 온다,9788936434120,S000000610612,중간에 멈출 수 없고 끝까지 읽게 돼요...,4,재밌어요,ky******,2025-04-01,1,0
소년이 온다,9788936434120,S000000610612,명작은 꼭 읽어야 합니다.,4,고마워요,lo*****,2025-03-31,1,0
소년이 온다,9788936434120,S000000610612,"5.18  광주 민주화운동 . 그동안 책으로 방송으로 영화로 유튜브로 수없이 우리의 가슴아픈 역사를 많이 보았다 . 이책을 선택하면서 5.18 내가 알고 있는 내용이 다겠지 이런 철없는 마음으로... 첫장을 천천히 다 읽고 갑자기 하루에 한장씩 6일동안 읽어보자 라는 마음이 생겼다 하루 이틀 사흘 나흘... 오늘이 되기까지...  마음에 무거운 무언가가 있었는데 담담하게 읽어 내려오던 나는 에필로그를 읽으면서 가슴의 무언가가 터지는 것을 느꼈다 . 6장까지 덤덤하게 잘 읽어왔던 나는 울음과 분노가 참아지질 않았다 ... 이토록 마음 아픈 역사 , 어쩌면 많은 사람들이 잊었을 참담함과 분노가 2025년이 되어서 이렇게 깊게 찾아올줄은 몰랐다 ... 감사합니다 고맙습니다 응원합니다 마지막으로 축하합니다",4,고마워요,go*******************,2025-03-30,1,0
소년이 온다,9788936434120,S000000610612,꼭 봐야하는 책이라고 생각합니다.,4,고마워요,ma******,2025-03-29,1,0
소년이 온다,9788936434120,S000000610612,시간 가는줄 모르고 보게 되네요....,4,재밌어요,ky******,2025-03-27,1,0
소년이 온다,9788936434120,S000000610612,정말 노벨상에 어울리는 작품같아요.,4,최고예요,mi*******,2025-03-25,1,0
소년이 온다,9788936434120,S000000610612,모든분들이 뵈야하는 작품같아요.,4,최고예요,bo****,2025-03-25,1,0
소년이 온다,9788936434120,S000000610612,노벨 문학상 수상작을 원어로 읽을 수 있는 것은 큰 기쁨,4,최고예요,by*******,2025-03-22,1,0
소년이 온다,9788936434120,S000000610612,다들 꼭 읽어봤으면 하는 책,4,최고예요,mi******************,2025-03-22,1,0
소년이 온다,9788936434120,S000000610612,갚이있는 생각을 하게해줍니다,3,공감돼요,to*****,2025-03-21,1,0
소년이 온다,9788936434120,S000000610612,읽는것만으로도 체험하는듯한 고통,4,최고예요,du*******,2025-03-19,1,0
소년이 온다,9788936434120,S000000610612,"읽는 내내 슬프고 화나고 먹먹했어요.
어떻게 얻은 민주주의인데 요즘 나라꼴이,,,
역사를 잊은 민족에게 미래는 없다는 말이 생각납니다.",4,최고예요,jy*****,2025-03-18,1,0
소년이 온다,9788936434120,S000000610612,"고마워요. 한강 작가님. 
그날의 기분들이 와닿아 깊게 슬프지만,
그들의 슬픔을 조금이나마 이해하며
위로의 마음을 전할수 있게 된것에 감사합니다.",4,최고예요,mi*****,2025-03-17,1,0
소년이 온다,9788936434120,S000000610612,"책을 중간에 놓을수가 없어서 주욱 봤습니다
그동안 어렴풋하게 알고 있었던 5.18의 진실을 알 수
있어서 고마웠구요
한강작가님의 작품들을 하나씩 읽어가며 그 세계를
음미해 보는 시간을 갖고 있어서 또한 감사합니다^^",4,고마워요,lo***,2025-03-17,1,0
소년이 온다,9788936434120,S000000610612,이야기 풀어나가는 방식이 독특해서 정말 좋아요. 읽을 때마다 눈물이 나네요ㅠ,4,최고예요,wl********,2025-03-14,1,0
소년이 온다,9788936434120,S000000610612,정말 눈물 펑펑이에요... 앞으로도 영원히 기억되어야 할 내용입니다,4,최고예요,ug*****,2025-03-10,1,0
소년이 온다,9788936434120,S000000610612,처절한 518의 현장을 생생하게 담아 있어 한자한자 힘겹게 읽었어요. 아이에게도 읽히려구요. 한강작가 응원합니다.,4,공감돼요,cu********,2025-03-09,1,0
소년이 온다,9788936434120,S000000610612,잘 읽었습니다 감사합니다,4,힐링돼요,hj***,2025-03-08,1,0
소년이 온다,9788936434120,S000000610612,노벨상 수상 작가의 책을 원문으로 읽을 수 있어서 영광입니다.,4,최고예요,se******,2025-03-06,1,0
소년이 온다,9788936434120,S000000610612,"국격을 높혀준 한강작가님 감사합니다.

읽어야지 읽어야지 하다가 시국이 시국이라 아플 마음을 각오 하고 읽었습니다.
그날 그곳의 아픔이 내 아픔이 되고, 내 주변의 아픔이 되어 더욱 마음이 아려옵니다.
그때의 그 공포와 아픔이 다시는 일어나지 않길 모두가 노력해야 합니다.",4,고마워요,je*****,2025-01-02,1,0
소년이 온다,9788936434120,S000000610612,"양심.
그래요, 양심.
세상에서 제일 무서운 게 그겁니다.",4,고마워요,mj*******,2024-12-29,1,0
소년이 온다,9788936434120,S000000610612,이런 시국에 띡 읽어야겠네요!,4,최고예요,wh********,2024-12-12,1,0
소년이 온다,9788936434120,S000000610612,너무 재밌게 읽었어요,4,최고예요,gg********,2024-12-10,1,0
소년이 온다,9788936434120,S000000610612,내인생 첫 선물한책,4,최고예요,kd******,2024-12-10,1,0
소년이 온다,9788936434120,S000000610612,그냥 고맙습니다,4,고마워요,tm********,2024-12-03,1,0
소년이 온다,9788936434120,S000000610612,배송은 느렸지만 한강작가님 책을 접할 수 있어서 좋았습니다.,4,고마워요,wo******************,2024-12-03,1,0
소년이 온다,9788936434120,S000000610612,"한국 최초로 노벨 문학상을 받았다는 소식을 듣고 선택하여 읽기 시작했습니다.
역시 상 받은 작품은 난해하다는 얘기가 맞는 것 같습니다.
그 시대에 살지 않은 사람으로서 많은 생각을 하게 하는 작품인 듯 합니다.",4,재밌어요,ja*******************,2024-11-23,1,0
소년이 온다,9788936434120,S000000610612,"1980년 5월과 광주는 시공간적으로 함께하지는 못했지만, 이 책을 읽고 나니 그 당시의 잔혹한 상황과 그 당시 사람들의 울부짖음에 더 가까이 다가간 느낌이다. 작가의 상상력과 생생함이 전달되는 특유의 서사 방식 덕분이다. 한국전쟁을 직접 경험하지 못한 세대들이 전쟁의 참혹함에 대한 온도 차이가 있듯, 광주도 마찬가지일 것이다.  하지만, 기성세대의 책임은 그들의 앞 세대가 되었든 그들이 되었건 잘못된 역사가 되풀이 되지 않도록 끊임없이 자신을 반성하고, 다음 세대에게 진실을 왜곡됨 없이 전해주는 것이다. 소년이 온다처럼....",4,공감돼요,cy*****,2024-11-22,1,0
소년이 온다,9788936434120,S000000610612,뉴스에서 제대로 보도되지 않은 당시의 광주를 생각해 본다,4,최고예요,sj*****,2024-11-06,1,0
소년이 온다,9788936434120,S000000610612,"한강 작가의 책으로 처음 접한것은 소년이 온다입니다
잊지 않아야 할 아픈 역사를 이렇게 다룬 것에 의미가 있고 노벨문학상 작품을 읽게 해주다니 기쁩니다",4,고마워요,my*******,2024-11-06,1,0
소년이 온다,9788936434120,S000000610612,2주만에 도착했네요 기다리는 시간들이 즐거웠습니다 나에게 새로운 책들은 소중한 선물입니다,4,고마워요,do*****,2024-10-26,1,0
소년이 온다,9788936434120,S000000610612,아픈추억이지만 잊지말고 기억해야할것들…,4,고마워요,cm*****,2024-10-26,1,0
소년이 온다,9788936434120,S000000610612,오랜시간 기다렸다 받아서 그런지 더 아껴 읽고 싶어집니다.,4,고마워요,at***,2024-10-26,1,0
소년이 온다,9788936434120,S000000610612,학창시절 역사 과목 수업 시간에 몇 장의 흑백 사진과 설명을 대충 듣긴 하였으나 소설로 집필해주셔서 우리나라 아픈 역사를 바로 알게 되어서 고맙습니다.,4,고마워요,so******,2024-10-26,1,0
소년이 온다,9788936434120,S000000610612,노벨 문학상 수상 축하드립니다,4,공감돼요,de******,2024-10-18,1,0
소년이 온다,9788936434120,S000000610612,진작 읽어볼걸 하는 마음이네요,4,공감돼요,hh******,2024-10-18,1,0
소년이 온다,9788936434120,S000000610612,이 책을 이제야 보네요.  노벨상 축하드립니다.,4,최고예요,ee*****,2024-10-18,1,0
소년이 온다,9788936434120,S000000610612,배송지연 2번 만에 받은거 같습니다.  영광이고 축하드리고 감사합니다.,4,고마워요,eu*******,2024-10-17,1,0
소년이 온다,9788936434120,S000000610612,슬픔과 아픔에 다가가는 표현이 아름다운 게 역설,4,최고예요,ss******,2024-10-17,1,0
소년이 온다,9788936434120,S000000610612,한강 작가님 축하드립니다.소장용입니다.,4,최고예요,mu*****,2024-10-15,1,0
소년이 온다,9788936434120,S000000610612,잊지 않겠습니다.,4,고마워요,db*******,2024-10-15,1,0
소년이 온다,9788936434120,S000000610612,"앗 요걸 놓쳤네요  볼려구했던작품이였는데😂
한강작가님 진심축하드려요😍👍👍👍👍👍",4,최고예요,my********,2024-10-14,1,0
소년이 온다,9788936434120,S000000610612,글을 써주어서 고마운 작가. 건강하시기를 바랍니다.,4,최고예요,li********,2024-10-13,1,0
소년이 온다,9788936434120,S000000610612,축하드립니다. 그리고 아픈 이들을 안아주셔서 감사합니다.,4,고마워요,sc***,2024-10-12,1,0
소년이 온다,9788936434120,S000000610612,"노벨문학상 수상을 축하드려요 
마주하기 힘들고 겁나는 역사의 일부분을 느낀다는것은 참 힘든거겠지만 이번 기회에 용기내서 보려고합니다.",4,고마워요,ko****************,2024-10-12,1,0
소년이 온다,9788936434120,S000000610612,소년이 온다.,4,재밌어요,ni******,2024-09-27,1,0
소년이 온다,9788936434120,S000000610612,묵직한 여운이 오랜시간 느껴졌었던 책으로 조카한테 선물로 보내줬네욤~^^,4,최고예요,su******************,2024-09-04,1,0
소년이 온다,9788936434120,S000000610612,너무나 유명한 책 이제 읽어봅니다,4,최고예요,ye*******,2024-08-22,1,0
소년이 온다,9788936434120,S000000610612,참혹했던 그 시절 읽으면서 마음이 아팠어요,4,공감돼요,75*****,2024-08-22,1,0
소년이 온다,9788936434120,S000000610612,"처음에 나온 책을 읽고 ,이번엔 아이에게 선물합니다.",4,최고예요,jo*****,2024-07-31,1,0
소년이 온다,9788936434120,S000000610612,소년이 운다 잘 읽을게요,4,공감돼요,ss*******,2026-01-04,0,0
소년이 온다,9788936434120,S000000610612,역시  명불허전입니다 ㅎㅎㅎ,4,공감돼요,jo********,2026-01-04,0,0
소년이 온다,9788936434120,S000000610612,"추천합니다 추천합니다 
매장에서 둘러보고 구입하기 좋습니다
최고입니다",4,최고예요,se*****,2026-01-03,0,0
소년이 온다,9788936434120,S000000610612,아직 읽지는 못 했지만 읽기가 조금은 두렵지만 완독하려고 합니다! 표지도 맘에 들어요,4,최고예요,hi****,2026-01-03,0,0
소년이 온다,9788936434120,S000000610612,이제는 워낙 유명해진 책. 읽으면서 깊이 아파하고 공감했습니다.,4,최고예요,SY****,2026-01-02,0,0
소년이 온다,9788936434120,S000000610612,아주 재밌습니다 감동,4,고마워요,ha******,2026-01-02,0,0
소년이 온다,9788936434120,S000000610612,잘 읽어볼께요 굳굳,4,고마워요,cm***************,2026-01-02,0,0
소년이 온다,9788936434120,S000000610612,기대한 책이라 잘 읽고 있습니다 ㅎㅍ,4,힐링돼요,gu********,2026-01-01,0,0
소년이 온다,9788936434120,S000000610612,기대한 책이라 재미있게 읽고 있습니다 ㅎㅎ,4,힐링돼요,gu********,2026-01-01,0,0
소년이 온다,9788936434120,S000000610612,아이가 구매했는데 재밌다고 하네요,4,최고예요,jj******,2026-01-01,0,0
소년이 온다,9788936434120,S000000610612,"정말 와닿는 책이라고 많이 들었습니다 잘 읽겠습니다
좋은 책 읽게 해주셔서 정말 감사드립니다",4,최고예요,dk*****************,2025-12-31,0,0
소년이 온다,9788936434120,S000000610612,진짜 정말 좋았던거 같아요 !!,4,고마워요,me******,2025-12-31,0,0
소년이 온다,9788936434120,S000000610612,감사합니다 합럭하여 이루어낸 승리의 주역이십니다,4,고마워요,an******************,2025-12-30,0,0
소년이 온다,9788936434120,S000000610612,좋습니다 잘 읽을게요,4,고마워요,pz********,2025-12-29,0,0
소년이 온다,9788936434120,S000000610612,한 페이지 한 페이지 힘들게 읽고 있어요.,4,최고예요,ho*****,2025-12-26,0,0
소년이 온다,9788936434120,S000000610612,제가 감히 말할 필요도 없는 책이죠.,4,최고예요,mi*******,2025-12-25,0,0
소년이 온다,9788936434120,S000000610612,아직 읽어보지는 않았지만 리뷰보고 끌려서 구입했습니다 기대해봅니다~,4,최고예요,gr********,2025-12-25,0,0
소년이 온다,9788936434120,S000000610612,덕분에 좋은 책을 알게되었습니다. 감사합니다.,4,고마워요,pj*****************,2025-12-24,0,0
소년이 온다,9788936434120,S000000610612,소장하고 싶어 주문했어요.,4,공감돼요,ta******,2025-12-24,0,0
소년이 온다,9788936434120,S000000610612,아이들과 함께 보려고합니다,4,최고예요,tl******,2025-12-23,0,0
소년이 온다,9788936434120,S000000610612,"*너무 읽고 싶었는데,
  빠른 배송 감사요.",4,최고예요,sc*****************,2025-12-22,0,0
소년이 온다,9788936434120,S000000610612,올 해 가장 치욕적인 한 해 이면서 노벨 문학상의 최고의 해!,4,공감돼요,ch*******,2025-12-22,0,0
소년이 온다,9788936434120,S000000610612,재미있게 잘 읽었습니다,4,최고예요,lt****,2025-12-22,0,0
소년이 온다,9788936434120,S000000610612,작가의 담담하지만 묵직한 이야기가 잘 전해집니다,4,최고예요,jn******,2025-12-21,0,0
소년이 온다,9788936434120,S000000610612,우리나라의 아픈 역사를 되새기는 좋은 시간이 되었습니다.,4,고마워요,pa******,2025-12-19,0,0
소년이 온다,9788936434120,S000000610612,유년 시절에 겪었을 5.18의 진상을 조금이나마 제자들에게 전해주고 싶어 송년 선물로 구매~~~~!!,4,공감돼요,bu****,2025-12-18,0,0
소년이 온다,9788936434120,S000000610612,가슴이 먹먹 두고두고 읽으려고 구매했습니다.,4,최고예요,hr****,2025-12-18,0,0
소년이 온다,9788936434120,S000000610612,세계적인 상을 수상한 작가님의 작품 하나를 읽어보고 싶어 여러 개 중 고르다 이걸로 구매하게 되었습니다,4,최고예요,pa**********,2025-12-17,0,0
소년이 온다,9788936434120,S000000610612,글감이 정말 꼭꼭씹어 읽게됩니다.,4,최고예요,gy*******,2025-12-16,0,0
소년이 온다,9788936434120,S000000610612,다른 책을 먼저 펼쳐 아직 읽기 전입니다. 기대됩니다.,4,최고예요,pa******,2025-12-16,0,0
소년이 온다,9788936434120,S000000610612,읽고 난 후 마음이 한동안 무거웠어요,4,공감돼요,fo*****,2025-12-16,0,0
소년이 온다,9788936434120,S000000610612,읽기 좋고 내용도 굿,4,최고예요,cy******,2025-12-16,0,0
소년이 온다,9788936434120,S000000610612,"힐링되고,좋습니다.",4,힐링돼요,ho********,2025-12-16,0,0
소년이 온다,9788936434120,S000000610612,이미 한번 봤는데 소장하고 싶어서 구매했습니다. 가슴이 먹먹합니다.,4,공감돼요,hr****,2025-12-13,0,0
소년이 온다,9788936434120,S000000610612,"유명한 책이라 구매했습니다.
역사를 얘기한 책 기대됩니다",4,고마워요,li*****,2025-12-12,0,0
소년이 온다,9788936434120,S000000610612,두말할필요없이 소장가치 충분한책이라 구매했습니다,4,최고예요,sh******,2025-12-11,0,0
소년이 온다,9788936434120,S000000610612,"몇 페이지 넘어가기도 전에 눈물이 난다
너무 가슴이 아파 다 읽어낼 자신이 없지만 완주 해야겠지
5.18을 왜곡하는 자들은 진정 대한민국 국민이 맞는가?
대구 토박이로 자라 철저한 언론 차단으로 518을 모르고 자랐다 고등학생 시절 성당에서 주최한 사진전으로 그 참혹한 역사의 참상을 알게 되었다 민주화운동으로 돌아가신 모든 분들께 
감사와 추모의 마음을 남기며 우리는
지극히 상식적이고 건강한 대한민국을 만들어가야 한다",4,고마워요,er********,2025-12-11,0,0
소년이 온다,9788936434120,S000000610612,"소설책을 좋아하지않는데 위낙 유명해서 한번 읽어 봤습니다
보는내내 내용에 빠져드네요
화나고 슬프고 애틋하고 많은 생각을하게되는 책인거 같습니다
시간이 지나 다시 한번 읽어볼 생각입니다",4,최고예요,sk******,2025-12-11,0,0
소년이 온다,9788936434120,S000000610612,한강 소설 중 가장 재미있게 읽었어요!,4,최고예요,co********************,2025-12-06,0,0
소년이 온다,9788936434120,S000000610612,앞부분은 재밌었는데 뒷 부분은 애매했습니다. 전두환을 증오하게 됩니다,4,공감돼요,fl***,2025-12-04,0,0
소년이 온다,9788936434120,S000000610612,좋은 책 써 주셔서 감사합니다.,4,고마워요,iy*****,2025-12-04,0,0
소년이 온다,9788936434120,S000000610612,베스트는 배스트인 이유가있다,4,최고예요,si******,2025-12-03,0,0
소년이 온다,9788936434120,S000000610612,적극 추천합니다..,4,공감돼요,va********,2025-12-03,0,0
소년이 온다,9788936434120,S000000610612,잘몰랐던….우리의 역사의 한부분을 실감나게… 어떻게 이야기릋 들로 표현했을까요? 힘드셨을것같아요…,4,공감돼요,ge********,2025-12-03,0,0
소년이 온다,9788936434120,S000000610612,아이가 읽기 좋아요. 도움 많이 돼요.,4,공감돼요,cd*****,2025-12-02,0,0
소년이 온다,9788936434120,S000000610612,잘 읽을께요~~~~^^,4,힐링돼요,zi******************,2025-12-01,0,0
소년이 온다,9788936434120,S000000610612,좋아요 감사합니다,4,최고예요,yj****************,2025-11-29,0,0
소년이 온다,9788936434120,S000000610612,슬퍼서 여러번 울었네요 그날 못잊습니다,4,힐링돼요,ha******************,2025-11-28,0,0
소년이 온다,9788936434120,S000000610612,알지못한 역사의 한 부분을 읽으며 배워간다,4,고마워요,wj********,2025-11-27,0,0
소년이 온다,9788936434120,S000000610612,한강작가 책 좋아합니다,4,힐링돼요,ha******,2025-11-26,0,0
소년이 온다,9788936434120,S000000610612,자랑스러운 대한민국의 한강작가 작품 강추합니다,4,최고예요,bo****,2025-11-24,0,0
소년이 온다,9788936434120,S000000610612,아빠입니다. 엄마의 마음을 읽으면서 대성통곡.,4,힐링돼요,ko*****,2025-11-24,0,0
소년이 온다,9788936434120,S000000610612,역시는 역시 좋습니다,4,최고예요,e8******,2025-11-24,0,0
소년이 온다,9788936434120,S000000610612,예전에 빌려서 읽었지만 다시 구입했어요. 마음이 아프긴하지만 공감하며 일고 있어요.,4,공감돼요,sk******,2025-11-22,0,0
소년이 온다,9788936434120,S000000610612,논술교재로 사용중인데 좋아요,4,재밌어요,wo*****,2025-11-22,0,0
소년이 온다,9788936434120,S000000610612,"상처는 사라지지 않는다
투쟁했던 흔적도",4,최고예요,ji********,2025-11-21,0,0
소년이 온다,9788936434120,S000000610612,내용도 좋고 책도 가벼워서 좋습니다,4,재밌어요,bo******,2025-11-20,0,0
소년이 온다,9788936434120,S000000610612,소설이라기 보다는 그날을 시간으로 나눠서 쓴 시 같은 느낌이 였습니다.,3,공감돼요,ze*****,2025-11-20,0,0
소년이 온다,9788936434120,S000000610612,아이가 한강 작가님의 책을 통해 역사의 일부분을 낯설지 않게 깊이 이해하게 되었어요.,4,최고예요,bo******,2025-11-18,0,0
소년이 온다,9788936434120,S000000610612,노벨문학상 한강 작가님의 대표 작품!,4,재밌어요,ys*******,2025-11-17,0,0
소년이 온다,9788936434120,S000000610612,가슴이 먹먹하네요. 글을 곱씹어 읽게되요.,4,최고예요,je***,2025-11-15,0,0
소년이 온다,9788936434120,S000000610612,재밌어요 술술읽힙니다,4,고마워요,tj*****,2025-11-13,0,0
소년이 온다,9788936434120,S000000610612,한마디 한마디가 가슴에...,4,최고예요,ch**************,2025-11-13,0,0
소년이 온다,9788936434120,S000000610612,유익하고 재밌씁니다.,4,고마워요,su******,2025-11-10,0,0
소년이 온다,9788936434120,S000000610612,유익하고 재밌씁니다.,4,고마워요,su******,2025-11-10,0,0
소년이 온다,9788936434120,S000000610612,한강 작가님 축하드립니다,4,최고예요,hy*******,2025-11-10,0,0
소년이 온다,9788936434120,S000000610612,불편한 사실들을 읽는 내내 새로이 알게되었어요.,3,고마워요,ac*****,2025-11-08,0,0
소년이 온다,9788936434120,S000000610612,감명을 주는 책 입니다,4,고마워요,tj*****,2025-11-08,0,0
소년이 온다,9788936434120,S000000610612,사람을 후벼파는 가슴앓이가 있습니다,4,최고예요,dn****,2025-11-05,0,0
소년이 온다,9788936434120,S000000610612,좋아요 굿 배송빠름,4,고마워요,cs****,2025-11-05,0,0
소년이 온다,9788936434120,S000000610612,노벨문학상을 받은 한강작가의 소설이고 광주5.16의 참상을 간접적으로 알수 있는 기회가 되었습니다. 적극 추천합니다.,4,최고예요,db****,2025-11-04,0,0
소년이 온다,9788936434120,S000000610612,민주화를 얻기위해 얼마나 많은 희생과 고통이 있었는지 과거를 통해 현재의 삶에 감사한책,4,공감돼요,si******,2025-11-04,0,0
소년이 온다,9788936434120,S000000610612,마지막 장까지 다 읽고 다시 첫 장으로 돌아가 다시 읽은 책.,4,최고예요,ba*****,2025-11-02,0,0
소년이 온다,9788936434120,S000000610612,역사의 상처 속에서도 인간의 목소리가 살아 있었다,4,고마워요,bl********************,2025-10-29,0,0
소년이 온다,9788936434120,S000000610612,가슴이 먹먹해지네요.. 재독 필수 독서입니다.. 마음 다잡고 다시 읽어볼게요 흡..,4,최고예요,ye******************,2025-10-29,0,0
소년이 온다,9788936434120,S000000610612,"역시는 역시, 눈앞에 그려지는 듯한 표현력",4,최고예요,kj*****,2025-10-28,0,0
소년이 온다,9788936434120,S000000610612,아직 읽기 전이지만 기대되는 책이에요~!,4,고마워요,hy******************,2025-10-27,0,0
소년이 온다,9788936434120,S000000610612,아직 읽기 전이지만 기대되는 책이에요~!,4,고마워요,hy******************,2025-10-27,0,0
소년이 온다,9788936434120,S000000610612,한강작가의 책을 이제 구매해 봅니다. 찬찬히 고민하며 읽어보고자 합니다.,4,최고예요,ch********,2025-10-26,0,0
소년이 온다,9788936434120,S000000610612,추천합니다.....,4,최고예요,mr****,2025-10-24,0,0
소년이 온다,9788936434120,S000000610612,한강 작가님 다른 글들은 다 읽어봤는데 소년이 온다를 안 읽어봤더라구요. 뭘 생각하시던 기대 이상입니다,4,최고예요,kr********************,2025-10-22,0,0
소년이 온다,9788936434120,S000000610612,앙~~~한강책좋음여,4,최고예요,so*****,2025-10-20,0,0
소년이 온다,9788936434120,S000000610612,소년이 온다 2014,4,최고예요,kh****,2025-10-19,0,0
소년이 온다,9788936434120,S000000610612,소년이 온다 소년이 온다,4,공감돼요,se*****,2025-10-19,0,0
소년이 온다,9788936434120,S000000610612,청소년이 읽기에는 어렵지만 아이가 잘 읽고 많이 슬퍼했습니다.,4,공감돼요,ci***,2025-10-19,0,0
소년이 온다,9788936434120,S000000610612,대한민국 만세만세만세쉐!!,4,공감돼요,ja****,2025-10-19,0,0
소년이 온다,9788936434120,S000000610612,"학교 수행평가로 산 책인데, 묘사가 너무 스이미지로 전달되는 것보다 충격적으로 다가왔어요.",4,재밌어요,mi********,2025-10-18,0,0
소년이 온다,9788936434120,S000000610612,읽으면서 눈물이 주룩주룩. 한번쯤 다들 읽어보면 좋을 소설.,4,최고예요,kj*******,2025-10-16,0,0
소년이 온다,9788936434120,S000000610612,좋은 내용입니다. 잘읽었습니다,4,힐링돼요,co********,2025-10-12,0,0
소년이 온다,9788936434120,S000000610612,배송도 빠르고 좋아요,4,재밌어요,oh**************,2025-10-11,0,0
소년이 온다,9788936434120,S000000610612,"처음 몇장 읽다가 힘들어 덮었다가 다시 열기를 반복. 겨우 다 읽었습니다. 목도 메고, 눈물도 맺혀서. 내년이나 되면 한 번더 읽어 보겠습니다",4,고마워요,re*********,2025-10-11,0,0
소년이 온다,9788936434120,S000000610612,정말 소장하고 싶었는데 이제서야 구매했습니다.,4,고마워요,jb***************,2025-10-11,0,0
소년이 온다,9788936434120,S000000610612,한강 작가의 작문 능력을 알 수 있어요,4,재밌어요,Se********************,2025-10-10,0,0
소년이 온다,9788936434120,S000000610612,"이 소설을 읽는동안 1980년 5월의 광주 한복판에서
있는듯한 느낌이 들었습니다. 
그때의 동호처럼 양심에 따라 행동할 수 있었을까?
절대 잊지 말아야 할 역사라고 생각합니다",4,최고예요,mi********,2025-10-10,0,0
소년이 온다,9788936434120,S000000610612,내가 감히 이 책에 리뷰를 남기며 이 책을 평가할 수 있을까,4,고마워요,io********,2025-10-10,0,0
소년이 온다,9788936434120,S000000610612,재미있게 읽고 있습니다.,3,재밌어요,ha****,2025-10-09,0,0
소년이 온다,9788936434120,S000000610612,"한강 작가님으 책은 소년이 온다 먼저 읽으세요!!
5•18의 내용을 담아 슬픕니다.......",4,최고예요,go*******,2025-10-06,0,0
소년이 온다,9788936434120,S000000610612,아이가 사달래서 사줫,4,고마워요,pe********,2025-10-04,0,0
소년이 온다,9788936434120,S000000610612,"슬프고 슬프지만
가슴을 울리는...",3,고마워요,ho******,2025-10-04,0,0
소년이 온다,9788936434120,S000000610612,노벨문학상 받은 한강의 작품 아이가 읽고싶어 샀어요,4,최고예요,yj*****,2025-10-03,0,0
소년이 온다,9788936434120,S000000610612,슬프고 가슴 절이는 이야기입니다,3,공감돼요,go*****,2025-10-03,0,0
소년이 온다,9788936434120,S000000610612,읽어 보고 좋아서 지인에게 선물하려고 한권더 구매했습니다.,4,최고예요,yu*****,2025-10-02,0,0
소년이 온다,9788936434120,S000000610612,조용하지만 강한 느낌,4,고마워요,la******,2025-10-01,0,0
소년이 온다,9788936434120,S000000610612,명작이라고 해서 구매해,4,힐링돼요,se******,2025-09-30,0,0
소년이 온다,9788936434120,S000000610612,노벨  문학상 수상 빨리보고싶네요 배송주,3,고마워요,hu*****,2025-09-29,0,0
소년이 온다,9788936434120,S000000610612,좋은 책입니다 읽어보세요,4,재밌어요,pj*****,2025-09-29,0,0
소년이 온다,9788936434120,S000000610612,그 시절이 눈 앞에 그려져 마음이 아팠습니다.,4,최고예요,sm******,2025-09-27,0,0
소년이 온다,9788936434120,S000000610612,"학원 교재로 구매했습니다.추천해요.
중학생이 보면 좋을거 같아요",4,고마워요,co*****,2025-09-27,0,0
소년이 온다,9788936434120,S000000610612,생각이 많아지는 소설이었습니다.,4,최고예요,er*******,2025-09-21,0,0
소년이 온다,9788936434120,S000000610612,집중해서 잘 읽었습니다,4,공감돼요,ws*******,2025-09-18,0,0
소년이 온다,9788936434120,S000000610612,"한강작가 특유의 필체때문에 망설였지만, 소설을 사랑하는 사람이라면 꼭 읽어보길",3,재밌어요,g3***,2025-09-14,0,0
소년이 온다,9788936434120,S000000610612,80년대 생으로 겪지 못했던 광주 사태를 책으로나마 경험할 수 있게 되어서 감사한 공간이었다,4,고마워요,no********,2025-09-14,0,0
소년이 온다,9788936434120,S000000610612,모순이라는 말은 반전을 말 할 수도 있고  불행을 말 할 수 도 있다.,4,공감돼요,no********,2025-09-14,0,0
소년이 온다,9788936434120,S000000610612,모두가  알아야하는 책,4,최고예요,no*******,2025-09-13,0,0
소년이 온다,9788936434120,S000000610612,잘 읽었습니다. 읽는 내내 여러 가지 생각을 하게 됩니다.,4,최고예요,ki*****,2025-09-11,0,0
소년이 온다,9788936434120,S000000610612,많은 생각을 하게 만드는 책입니다.,4,공감돼요,ri*****,2025-09-08,0,0
소년이 온다,9788936434120,S000000610612,소장용으로 구입했어요,4,최고예요,ra********,2025-09-08,0,0
소년이 온다,9788936434120,S000000610612,정말 좋은 책입니다.,4,최고예요,bo****,2025-09-07,0,0
소년이 온다,9788936434120,S000000610612,정말 정말 좋은 소설입니다.,4,최고예요,mi******,2025-09-07,0,0
소년이 온다,9788936434120,S000000610612,한강작가님 존경해요,4,최고예요,mi******,2025-09-07,0,0
소년이 온다,9788936434120,S000000610612,너무 감동적이였어요.,4,최고예요,mi******,2025-09-07,0,0
소년이 온다,9788936434120,S000000610612,너무 슬펐어요. 정말요.,4,최고예요,mi******,2025-09-07,0,0
소년이 온다,9788936434120,S000000610612,정말 눈물이 주룩 났어요,4,최고예요,mi******,2025-09-07,0,0
소년이 온다,9788936434120,S000000610612,한강 작가님의 책 추천합니다,4,고마워요,jk*****,2025-09-07,0,0
소년이 온다,9788936434120,S000000610612,감사합니다. 좋은 작품.,4,고마워요,co********************,2025-09-04,0,0
소년이 온다,9788936434120,S000000610612,노벨상 작품 읽어보고 싶다해서 샀어요,4,최고예요,yj*****,2025-09-04,0,0
소년이 온다,9788936434120,S000000610612,"작품 좋습니다
소장하려고 구매했습니다",4,최고예요,pe*******,2025-09-03,0,0
소년이 온다,9788936434120,S000000610612,"작품 좋습니다
소장하기 위해 규매했습니다",4,최고예요,pe*******,2025-09-03,0,0
소년이 온다,9788936434120,S000000610612,읽으면서 괴로운순간도 있지만 추천합니다.,4,최고예요,du******,2025-09-02,0,0
소년이 온다,9788936434120,S000000610612,감명깊게 읽은 서적입니다.,4,최고예요,en******,2025-09-01,0,0
소년이 온다,9788936434120,S000000610612,"너무 늦게 본 감이 있지만, 감동은 더 크게 느껴지네요...",4,공감돼요,ch*******,2025-08-31,0,0
소년이 온다,9788936434120,S000000610612,가슴아프지만 모두 알고 기억해야할 사건,4,최고예요,ji*****,2025-08-30,0,0
소년이 온다,9788936434120,S000000610612,너무 아프고 슬픈 현실을 담은 책,4,고마워요,wo*******,2025-08-30,0,0
소년이 온다,9788936434120,S000000610612,한국인이 필수로 읽어야한다는 생각이 드는 책..,4,최고예요,ri****************,2025-08-30,0,0
소년이 온다,9788936434120,S000000610612,"생각보다 얇은 책이라서 놀라고 읽으며 깊은 글에 한번더 놀라는 시간이었다
때로는 알수없는 3인칭 시점이 혼라스러웠지만 끝으로 가면 1인칭으로 변화하는 필력이 놀라웠다 5.18 을 주제로 해서 노벨상을 받은게 아니라 그녀의 필력이 노벨상을 준거라 생각이 들었다 그곳에 같이 있을수는 없지만 그들의 아픔은 머리속에서 그려진다",4,공감돼요,eh******,2025-08-29,0,0
소년이 온다,9788936434120,S000000610612,읽기시작하면끝까지읽어야되요.,4,최고예요,ge*****,2025-08-27,0,0
소년이 온다,9788936434120,S000000610612,읽어볼 생각에 두근거립니다,4,최고예요,lu*******,2025-08-24,0,0
소년이 온다,9788936434120,S000000610612,좋은작품 잘 읽었습니다,4,최고예요,mi*****************,2025-08-24,0,0
소년이 온다,9788936434120,S000000610612,"왜 소설을 ‘문학’이라고 표현하는지 <소년이 온다>를 읽으면서 깨닫게 되었다. 인간의 사상이나 감정을 글로 표현한 예술. 한편의 예술 작품이다. 소설 속 인물들의 감정에 깊이 빠져들고, 그 문장들이 너무나 슬프도록 아름답다.

읽기 시작한 순간부터 그날의 이야기로 몰입하게 된다. 시간의 순서대로 쓰여지지 않았고, 각 장마다 다른 인물들의 목소리로 그날의 사건에 대해 이야기 하는 다양한 서술방식을 사용한다. 어려워 헤매이며 읽어가더라도 어느 순간 알게 된다. 어떤 이야기를 하고 있는지 마음으로 와서 닿아버린다. 왜 한강작가가 이 소설을 쓰게 되었는지. 이 소설과 같이 그날의 일을 계속해서 이야기 하고 알리는 것이 왜 필요한지 깨닫게 되었다. 역사 시간에 배워서 이미 잘 알고 있다고 생각했지만, 아는게 아니었다. 알았어도 또 다시 이렇게 누군가 이야기 하지 않고 이렇게 읽혀지지 않는다면 까먹고 잊혀져 버릴테니까. 

이 <소년이 온다>는 20세기 한국을 담은 소설 중에 어떠한 위치를 차지할게 될까. 이미 한 획을 그을만큼 그 존재감이 뚜렷하다.",4,최고예요,na********,2025-08-23,0,0
소년이 온다,9788936434120,S000000610612,이제야 사네요… 아직 못 읽규 있지만 꼭 소징해야 할 책!!,4,최고예요,ga********,2025-08-22,0,0
소년이 온다,9788936434120,S000000610612,"배송도빠르고좋습니다.
잘읽어보겠습니다",4,재밌어요,ge*****,2025-08-21,0,0
소년이 온다,9788936434120,S000000610612,최고의 작품입니다. 추천합니다.,4,힐링돼요,be******,2025-08-21,0,0
소년이 온다,9788936434120,S000000610612,"출근하면서 읽느라 감정이입이 너무 되지 않게 하려고 조심하고, 마무리는 집에서 소리내어 통곡을 하면서 몇일을 울었습니다... 죽은영혼의 시점에서 상황을, 감정을 글로 써주신 부분에서는 소름이 돋았습니다. 정말 명작이에요!!!",4,최고예요,na******,2025-08-20,0,0
소년이 온다,9788936434120,S000000610612,5. 18 광주영령앞에서 마음이 숙연해 진다. 그들의 희생은 헛되지 않았다고...,4,고마워요,pa*******,2025-08-20,0,0
소년이 온다,9788936434120,S000000610612,"잘몰랐는데 너무나 잘 알게 된 것만 같다. 
그 날 그 자리에 있던 그리고 말 없이 사라져 버린 사람들의 마음까지",4,고마워요,ha****,2025-08-20,0,0
소년이 온다,9788936434120,S000000610612,학부모 독서모임 팩으로 구입했습니다. 한강작가님 최고,4,최고예요,kk***,2025-08-19,0,0
소년이 온다,9788936434120,S000000610612,잘 읽고 있습니다 좋아요~,4,최고예요,de****,2025-08-17,0,0
소년이 온다,9788936434120,S000000610612,모든 사람이 잊지않고 기억해야할 그 날의 아픔..,4,공감돼요,co******,2025-08-17,0,0
소년이 온다,9788936434120,S000000610612,노벨상 수상의 이유를 알게 해준,4,최고예요,kt******,2025-08-16,0,0
소년이 온다,9788936434120,S000000610612,말이 더이상 무슨 필요가 있겠습니까,4,최고예요,sh*******,2025-08-16,0,0
소년이 온다,9788936434120,S000000610612,너무너무 찰 봤습니다.,4,최고예요,bo****,2025-08-14,0,0
소년이 온다,9788936434120,S000000610612,정말 정말 좋은 책같아요.,4,최고예요,bo****,2025-08-14,0,0
소년이 온다,9788936434120,S000000610612,정말정말 잘 읽었습니다.,4,최고예요,mi*******,2025-08-14,0,0
소년이 온다,9788936434120,S000000610612,배송도 빠르고 드디어 한강님의 작품을 구매했네요,4,최고예요,hs*******,2025-08-13,0,0
소년이 온다,9788936434120,S000000610612,짧지만 강하고 무겁다.,4,최고예요,li******,2025-08-13,0,0
소년이 온다,9788936434120,S000000610612,작가의 조용하게 스며드는 문장들에 강탄하게 됩니다,4,최고예요,bl********,2025-08-12,0,0
소년이 온다,9788936434120,S000000610612,하…. 가슴이…. 너무….. 아파요….,4,공감돼요,yo*******************,2025-08-08,0,0
소년이 온다,9788936434120,S000000610612,필력에 감탄하게 됩니다~,4,고마워요,hj*****,2025-08-08,0,0
소년이 온다,9788936434120,S000000610612,꼭 읽어 보면 좋을 책이라고 생각해 주문했고 잘 읽겠습니다,4,고마워요,jp****,2025-08-08,0,0
소년이 온다,9788936434120,S000000610612,독후감상문 쓰려고 주문했습니다. 기대됩니다.,4,공감돼요,je******,2025-08-07,0,0
소년이 온다,9788936434120,S000000610612,기대하며 읽고 있습니다.,4,공감돼요,je******,2025-08-07,0,0
소년이 온다,9788936434120,S000000610612,"잊고있었던 그시절로 돌아가보았습니다.
마술같은 순간으로 ..",4,고마워요,su****,2025-08-06,0,0
소년이 온다,9788936434120,S000000610612,유명해서 읽어보려고 샀는데 벌써 기대돼요,4,재밌어요,hh****,2025-08-05,0,0
